{
    "bids": [
        [
            94102.0,
            9.32367
        ],
        [
            94101.0,
            0.01272
        ],
        [
            94100.0,
            0.16962
        ],
        [
            94099.0,
            0.05335
        ],
        [
            94098.0,
            4.20073
        ],
        [
            94097.0,
            1.61604
        ],
        [
            94096.0,
            0.00035
        ],
        [
            94095.0,
            1.90411
        ],
        [
            94094.0,
            2.05493
        ],
        [
            94093.0,
            0.03705
        ]
    ],
    "asks": [
        [
            94103.0,
            0.38311
        ],
        [
            94107.0,
            0.00053
        ],
        [
            94109.0,
            0.00117
        ],
        [
            94110.0,
            0.00011
        ],
        [
            94111.0,
            0.01041
        ],
        [
            94112.0,
            0.01073
        ],
        [
            94113.0,
            0.01066
        ],
        [
            94114.0,
            0.00027
        ],
        [
            94115.0,
            0.10382
        ],
        [
            94116.0,
            0.00011
        ]
    ]
}